,mIoU_body,mIoU_up_low_body,mIoU_all
0,0.36025708002440526,0.3251605409776622,0.7750535120889861
